id,first_name,last_name,email,gender
1,Dennis,Hanson,dhanson0@ameblo.jp,Male
2,Lois,Jackson,ljackson1@chron.com,Female
3,Keith,Burns,kburns2@naver.com,Male
4,Catherine,Castillo,ccastillo3@canalblog.com,Female
5,Samuel,Gibson,sgibson4@epa.gov,Male
6,Marie,Gilbert,mgilbert5@ezinearticles.com,Female
7,Adam,Fox,afox6@elpais.com,Male
8,Kathryn,Ross,kross7@canalblog.com,Female
9,Marie,Brown,mbrown8@discovery.com,Female
10,Henry,Richardson,hrichardson9@people.com.cn,Male
11,Daniel,Diaz,ddiaza@mashable.com,Male
12,Carolyn,Peters,cpetersb@phoca.cz,Female
13,Jennifer,Jenkins,jjenkinsc@who.int,Female
14,Craig,Patterson,cpattersond@simplemachines.org,Male
15,Mildred,Webb,mwebbe@netlog.com,Female
16,Anthony,Garrett,agarrettf@narod.ru,Male
17,Thomas,Webb,twebbg@google.co.uk,Male
18,Amy,Webb,awebbh@yahoo.com,Female
19,Joseph,Fields,jfieldsi@google.it,Male
20,Nancy,Powell,npowellj@de.vu,Female
21,Tammy,Richards,trichardsk@census.gov,Female
22,Robert,Mendoza,rmendozal@blogspot.com,Male
23,Deborah,Castillo,dcastillom@trellian.com,Female
24,Louis,Crawford,lcrawfordn@fc2.com,Male
25,Joshua,Morgan,jmorgano@phpbb.com,Male
26,Kenneth,Bryant,kbryantp@un.org,Male
27,Donna,Wright,dwrightq@go.com,Female
28,Johnny,Hart,jhartr@weebly.com,Male
29,Shawn,Crawford,scrawfords@aol.com,Male
30,Antonio,Walker,awalkert@apple.com,Male
31,Brian,Howell,bhowellu@networkadvertising.org,Male
32,Joshua,Adams,jadamsv@spotify.com,Male
33,Earl,Willis,ewillisw@globo.com,Male
34,Benjamin,Hunt,bhuntx@cocolog-nifty.com,Male
35,Albert,Mason,amasony@prweb.com,Male
36,Alan,Watson,awatsonz@tmall.com,Male
37,Diane,Ray,dray10@howstuffworks.com,Female
38,Julie,Harper,jharper11@ucoz.com,Female
39,Kevin,Cruz,kcruz12@dion.ne.jp,Male
40,Joan,Porter,jporter13@usatoday.com,Female
41,Jonathan,Hanson,jhanson14@wordpress.com,Male
42,Christopher,Crawford,ccrawford15@economist.com,Male
43,Joyce,Vasquez,jvasquez16@biglobe.ne.jp,Female
44,Frances,Powell,fpowell17@gizmodo.com,Female
45,Ronald,Woods,rwoods18@youku.com,Male
46,Eugene,Vasquez,evasquez19@europa.eu,Male
47,Lillian,Phillips,lphillips1a@simplemachines.org,Female
48,Dennis,Wood,dwood1b@typepad.com,Male
49,Pamela,Washington,pwashington1c@washington.edu,Female
50,Lillian,Henderson,lhenderson1d@netvibes.com,Female
51,Christina,Gilbert,cgilbert1e@blinklist.com,Female
52,Barbara,Sanders,bsanders1f@gnu.org,Female
53,Kevin,Robertson,krobertson1g@microsoft.com,Male
54,Justin,Butler,jbutler1h@accuweather.com,Male
55,Peter,Armstrong,parmstrong1i@boston.com,Male
56,Kenneth,Morris,kmorris1j@cdbaby.com,Male
57,Walter,Anderson,wanderson1k@behance.net,Male
58,Victor,Austin,vaustin1l@hud.gov,Male
59,Victor,Rodriguez,vrodriguez1m@artisteer.com,Male
60,Brenda,Sanchez,bsanchez1n@google.ru,Female
61,Carolyn,Martinez,cmartinez1o@telegraph.co.uk,Female
62,Brandon,Gray,bgray1p@soundcloud.com,Male
63,Rebecca,Reed,rreed1q@opensource.org,Female
64,Shirley,West,swest1r@google.com.hk,Female
65,Sean,Austin,saustin1s@webeden.co.uk,Male
66,William,Hernandez,whernandez1t@timesonline.co.uk,Male
67,Ernest,Castillo,ecastillo1u@bloglovin.com,Male
68,Stephen,Hill,shill1v@mediafire.com,Male
69,Keith,Fox,kfox1w@opensource.org,Male
70,James,Burns,jburns1x@icq.com,Male
71,Barbara,Powell,bpowell1y@pagesperso-orange.fr,Female
72,Amy,Hudson,ahudson1z@livejournal.com,Female
73,Aaron,Weaver,aweaver20@scribd.com,Male
74,Willie,Clark,wclark21@nydailynews.com,Male
75,Nicole,Sims,nsims22@narod.ru,Female
76,Judith,Rodriguez,jrodriguez23@economist.com,Female
77,Anne,Morris,amorris24@fema.gov,Female
78,Alan,Carr,acarr25@baidu.com,Male
79,Robert,Hicks,rhicks26@wp.com,Male
80,Stephanie,Thomas,sthomas27@hp.com,Female
81,Tammy,Burton,tburton28@indiatimes.com,Female
82,Jacqueline,Wright,jwright29@addtoany.com,Female
83,Patricia,Robertson,probertson2a@goodreads.com,Female
84,Sharon,Burke,sburke2b@bandcamp.com,Female
85,Barbara,Mason,bmason2c@amazon.de,Female
86,Marie,Wagner,mwagner2d@deliciousdays.com,Female
87,Victor,Grant,vgrant2e@123-reg.co.uk,Male
88,Brandon,Bell,bbell2f@twitpic.com,Male
89,Dennis,Edwards,dedwards2g@bluehost.com,Male
90,Sharon,Gonzalez,sgonzalez2h@mysql.com,Female
91,Beverly,Howard,bhoward2i@addtoany.com,Female
92,Thomas,Howard,thoward2j@mozilla.org,Male
93,Brandon,Martin,bmartin2k@dyndns.org,Male
94,Juan,Lane,jlane2l@google.ca,Male
95,Edward,Parker,eparker2m@zdnet.com,Male
96,Virginia,Berry,vberry2n@msn.com,Female
97,Andrew,Martinez,amartinez2o@biglobe.ne.jp,Male
98,Teresa,Bryant,tbryant2p@sourceforge.net,Female
99,Ann,Bryant,abryant2q@whitehouse.gov,Female
100,Elizabeth,Brooks,ebrooks2r@census.gov,Female
101,Barbara,Mills,bmills2s@amazon.co.jp,Female
102,Walter,Howell,whowell2t@canalblog.com,Male
103,Justin,Mills,jmills2u@businessweek.com,Male
104,Jeremy,Wallace,jwallace2v@discuz.net,Male
105,James,Gonzalez,jgonzalez2w@etsy.com,Male
106,Dennis,Hicks,dhicks2x@fda.gov,Male
107,Ernest,Palmer,epalmer2y@newsvine.com,Male
108,Virginia,Martinez,vmartinez2z@usda.gov,Female
109,Pamela,Evans,pevans30@purevolume.com,Female
110,Jeffrey,Peters,jpeters31@artisteer.com,Male
111,Christopher,Knight,cknight32@webs.com,Male
112,Ruth,Stevens,rstevens33@networksolutions.com,Female
113,Ruby,Mcdonald,rmcdonald34@pcworld.com,Female
114,Jeffrey,Ellis,jellis35@tmall.com,Male
115,Marie,Mccoy,mmccoy36@ameblo.jp,Female
116,Terry,Mills,tmills37@weather.com,Male
117,Sandra,Miller,smiller38@theglobeandmail.com,Female
118,Craig,Anderson,canderson39@symantec.com,Male
119,Bruce,Mason,bmason3a@free.fr,Male
120,Gregory,Evans,gevans3b@irs.gov,Male
121,Heather,Carr,hcarr3c@mediafire.com,Female
122,Jean,Lewis,jlewis3d@virginia.edu,Female
123,Pamela,Stewart,pstewart3e@taobao.com,Female
124,Todd,Nelson,tnelson3f@cnet.com,Male
125,Larry,Stanley,lstanley3g@weibo.com,Male
126,Albert,Henry,ahenry3h@yellowpages.com,Male
127,Jose,Freeman,jfreeman3i@jigsy.com,Male
128,Willie,Alvarez,walvarez3j@homestead.com,Male
129,Douglas,Smith,dsmith3k@walmart.com,Male
130,Jack,Daniels,jdaniels3l@eepurl.com,Male
131,Anna,Castillo,acastillo3m@constantcontact.com,Female
132,Susan,Knight,sknight3n@purevolume.com,Female
133,Louis,Kennedy,lkennedy3o@webmd.com,Male
134,Jose,Bailey,jbailey3p@reddit.com,Male
135,Barbara,Lopez,blopez3q@uiuc.edu,Female
136,Deborah,Lee,dlee3r@merriam-webster.com,Female
137,Lois,Harrison,lharrison3s@bbb.org,Female
138,Gerald,Rivera,grivera3t@blinklist.com,Male
139,Craig,Evans,cevans3u@list-manage.com,Male
140,Judith,Gomez,jgomez3v@edublogs.org,Female
141,Bobby,Arnold,barnold3w@bigcartel.com,Male
142,Ann,Fernandez,afernandez3x@wp.com,Female
143,Randy,Graham,rgraham3y@friendfeed.com,Male
144,Denise,Sims,dsims3z@i2i.jp,Female
145,Ernest,Harrison,eharrison40@purevolume.com,Male
146,Christina,Hughes,chughes41@msu.edu,Female
147,Ann,Meyer,ameyer42@csmonitor.com,Female
148,Timothy,Fowler,tfowler43@examiner.com,Male
149,Russell,Elliott,relliott44@exblog.jp,Male
150,Louise,Fuller,lfuller45@google.es,Female
151,Ruth,Carr,rcarr46@washingtonpost.com,Female
152,Kimberly,Stanley,kstanley47@flavors.me,Female
153,Henry,Long,hlong48@shutterfly.com,Male
154,Phyllis,Fernandez,pfernandez49@desdev.cn,Female
155,Catherine,Morgan,cmorgan4a@mail.ru,Female
156,Kathy,Rice,krice4b@bloglines.com,Female
157,Martin,Hicks,mhicks4c@jiathis.com,Male
158,Angela,Williams,awilliams4d@nationalgeographic.com,Female
159,Thomas,Sims,tsims4e@ebay.co.uk,Male
160,Anne,Perez,aperez4f@cnbc.com,Female
161,Willie,Gutierrez,wgutierrez4g@geocities.com,Male
162,Harold,Reynolds,hreynolds4h@theglobeandmail.com,Male
163,Rose,Cunningham,rcunningham4i@ucoz.com,Female
164,Evelyn,Holmes,eholmes4j@nsw.gov.au,Female
165,Peter,Matthews,pmatthews4k@google.es,Male
166,Eric,Bennett,ebennett4l@ycombinator.com,Male
167,Peter,Parker,pparker4m@icio.us,Male
168,Peter,Stevens,pstevens4n@aboutads.info,Male
169,Carlos,Welch,cwelch4o@ifeng.com,Male
170,Bobby,Gomez,bgomez4p@lycos.com,Male
171,Virginia,Sullivan,vsullivan4q@utexas.edu,Female
172,Fred,Edwards,fedwards4r@163.com,Male
173,Alice,Hunter,ahunter4s@soundcloud.com,Female
174,Marie,Woods,mwoods4t@bloglines.com,Female
175,Louise,Baker,lbaker4u@tiny.cc,Female
176,Kenneth,Arnold,karnold4v@godaddy.com,Male
177,Debra,Tucker,dtucker4w@techcrunch.com,Female
178,Phyllis,Murphy,pmurphy4x@kickstarter.com,Female
179,Jason,Mills,jmills4y@phoca.cz,Male
180,Eric,Long,elong4z@diigo.com,Male
181,Bobby,Lane,blane50@dropbox.com,Male
182,Betty,Thomas,bthomas51@trellian.com,Female
183,Roy,Snyder,rsnyder52@ebay.co.uk,Male
184,Shawn,Watson,swatson53@google.com.au,Male
185,Jimmy,Payne,jpayne54@yale.edu,Male
186,Keith,Hamilton,khamilton55@meetup.com,Male
187,Jeremy,Rice,jrice56@over-blog.com,Male
188,Pamela,Bradley,pbradley57@marriott.com,Female
189,Catherine,Tucker,ctucker58@ibm.com,Female
190,George,Lopez,glopez59@ed.gov,Male
191,Ashley,Dixon,adixon5a@dagondesign.com,Female
192,Andrea,Jenkins,ajenkins5b@discovery.com,Female
193,Samuel,Burton,sburton5c@va.gov,Male
194,Joseph,Baker,jbaker5d@nytimes.com,Male
195,Doris,Richardson,drichardson5e@redcross.org,Female
196,Henry,Marshall,hmarshall5f@hostgator.com,Male
197,George,Ortiz,gortiz5g@bing.com,Male
198,Adam,Duncan,aduncan5h@hibu.com,Male
199,Terry,Bailey,tbailey5i@sourceforge.net,Male
200,Nancy,Holmes,nholmes5j@sfgate.com,Female
201,Judith,Morris,jmorris5k@smh.com.au,Female
202,Wayne,Hall,whall5l@51.la,Male
203,Joshua,Austin,jaustin5m@github.io,Male
204,Pamela,Sanchez,psanchez5n@bandcamp.com,Female
205,Evelyn,Carroll,ecarroll5o@dmoz.org,Female
206,Keith,Garrett,kgarrett5p@wix.com,Male
207,Donna,Berry,dberry5q@soup.io,Female
208,Ashley,Armstrong,aarmstrong5r@soundcloud.com,Female
209,Doris,Bailey,dbailey5s@msn.com,Female
210,Tammy,Gonzales,tgonzales5t@nyu.edu,Female
211,Earl,Bennett,ebennett5u@time.com,Male
212,Diana,Austin,daustin5v@istockphoto.com,Female
213,Denise,Kelley,dkelley5w@newsvine.com,Female
214,Ralph,Perry,rperry5x@toplist.cz,Male
215,Elizabeth,Boyd,eboyd5y@123-reg.co.uk,Female
216,Kathleen,Schmidt,kschmidt5z@free.fr,Female
217,Sara,Morales,smorales60@goo.ne.jp,Female
218,Scott,Wells,swells61@house.gov,Male
219,Lori,Cunningham,lcunningham62@google.de,Female
220,Roy,Martinez,rmartinez63@buzzfeed.com,Male
221,David,Morrison,dmorrison64@goo.ne.jp,Male
222,Ruby,Palmer,rpalmer65@japanpost.jp,Female
223,Henry,Warren,hwarren66@harvard.edu,Male
224,Ryan,Bailey,rbailey67@boston.com,Male
225,Judy,Henderson,jhenderson68@va.gov,Female
226,Michael,Woods,mwoods69@pen.io,Male
227,Arthur,Walker,awalker6a@aol.com,Male
228,Bruce,Stevens,bstevens6b@cbsnews.com,Male
229,Sarah,King,sking6c@dion.ne.jp,Female
230,Charles,Reynolds,creynolds6d@netlog.com,Male
231,William,Mason,wmason6e@i2i.jp,Male
232,Ruby,Gray,rgray6f@washingtonpost.com,Female
233,Carol,Long,clong6g@nytimes.com,Female
234,Annie,Long,along6h@telegraph.co.uk,Female
235,Peter,Hernandez,phernandez6i@nature.com,Male
236,Katherine,Myers,kmyers6j@answers.com,Female
237,Lisa,Warren,lwarren6k@whitehouse.gov,Female
238,Betty,Austin,baustin6l@ftc.gov,Female
239,Gloria,Chapman,gchapman6m@samsung.com,Female
240,Joshua,Peters,jpeters6n@wordpress.com,Male
241,Sean,Young,syoung6o@dagondesign.com,Male
242,Jose,Henderson,jhenderson6p@webs.com,Male
243,Steven,Mccoy,smccoy6q@reddit.com,Male
244,Matthew,Gardner,mgardner6r@engadget.com,Male
245,Melissa,Price,mprice6s@redcross.org,Female
246,Diana,Fields,dfields6t@ucoz.com,Female
247,Helen,Vasquez,hvasquez6u@sohu.com,Female
248,John,Richards,jrichards6v@blinklist.com,Male
249,Lisa,Robinson,lrobinson6w@fastcompany.com,Female
250,Ashley,Chavez,achavez6x@sciencedirect.com,Female
251,Antonio,Martin,amartin6y@domainmarket.com,Male
252,Martha,Spencer,mspencer6z@un.org,Female
253,Rebecca,White,rwhite70@fc2.com,Female
254,Frances,Bell,fbell71@amazon.co.jp,Female
255,Billy,Dunn,bdunn72@hp.com,Male
256,Heather,Meyer,hmeyer73@berkeley.edu,Female
257,Irene,Ortiz,iortiz74@theatlantic.com,Female
258,Jeremy,Green,jgreen75@theguardian.com,Male
259,Kathryn,Lane,klane76@google.co.uk,Female
260,Elizabeth,Andrews,eandrews77@i2i.jp,Female
261,Christina,Thompson,cthompson78@cnn.com,Female
262,Anne,Bishop,abishop79@youtu.be,Female
263,Scott,Campbell,scampbell7a@salon.com,Male
264,George,Hudson,ghudson7b@people.com.cn,Male
265,Joseph,Reid,jreid7c@webs.com,Male
266,Debra,Cook,dcook7d@devhub.com,Female
267,Robert,Lopez,rlopez7e@tinyurl.com,Male
268,Betty,Olson,bolson7f@nydailynews.com,Female
269,Frances,Rodriguez,frodriguez7g@posterous.com,Female
270,James,Ferguson,jferguson7h@ocn.ne.jp,Male
271,Norma,Collins,ncollins7i@adobe.com,Female
272,Wayne,Day,wday7j@symantec.com,Male
273,Aaron,Armstrong,aarmstrong7k@reference.com,Male
274,Sara,Bell,sbell7l@diigo.com,Female
275,Dennis,Hernandez,dhernandez7m@mit.edu,Male
276,Brenda,Jenkins,bjenkins7n@bizjournals.com,Female
277,Jonathan,Mccoy,jmccoy7o@google.fr,Male
278,Lawrence,Marshall,lmarshall7p@istockphoto.com,Male
279,Debra,Howell,dhowell7q@studiopress.com,Female
280,Janice,Gilbert,jgilbert7r@guardian.co.uk,Female
281,Angela,Bennett,abennett7s@ameblo.jp,Female
282,Jack,Myers,jmyers7t@narod.ru,Male
283,Amy,Gomez,agomez7u@npr.org,Female
284,Joan,Hicks,jhicks7v@sina.com.cn,Female
285,Doris,Schmidt,dschmidt7w@delicious.com,Female
286,Steven,Richardson,srichardson7x@fastcompany.com,Male
287,Russell,Mills,rmills7y@lycos.com,Male
288,Arthur,Ross,aross7z@statcounter.com,Male
289,Gerald,Lopez,glopez80@irs.gov,Male
290,Donald,Warren,dwarren81@reuters.com,Male
291,Kevin,Williamson,kwilliamson82@alexa.com,Male
292,Ruth,Mendoza,rmendoza83@irs.gov,Female
293,Philip,Thomas,pthomas84@nifty.com,Male
294,Anthony,Marshall,amarshall85@tumblr.com,Male
295,Bobby,Alvarez,balvarez86@java.com,Male
296,Tina,Torres,ttorres87@pcworld.com,Female
297,Julie,Lawrence,jlawrence88@house.gov,Female
298,Teresa,Hanson,thanson89@acquirethisname.com,Female
299,Alan,Woods,awoods8a@gnu.org,Male
300,Elizabeth,Hughes,ehughes8b@vimeo.com,Female
301,Douglas,Meyer,dmeyer8c@discuz.net,Male
302,Stephanie,Martinez,smartinez8d@paypal.com,Female
303,Deborah,Kennedy,dkennedy8e@google.ca,Female
304,Amanda,Henderson,ahenderson8f@mozilla.com,Female
305,Daniel,Fowler,dfowler8g@bbb.org,Male
306,Justin,Alvarez,jalvarez8h@omniture.com,Male
307,Amanda,Fowler,afowler8i@ucla.edu,Female
308,Willie,Gordon,wgordon8j@senate.gov,Male
309,Mark,Wood,mwood8k@51.la,Male
310,Eric,Day,eday8l@microsoft.com,Male
311,Denise,Long,dlong8m@youtube.com,Female
312,Diane,Fox,dfox8n@goo.gl,Female
313,Victor,Parker,vparker8o@prweb.com,Male
314,Brenda,Weaver,bweaver8p@xing.com,Female
315,Lawrence,Gutierrez,lgutierrez8q@hubpages.com,Male
316,Jesse,Hall,jhall8r@noaa.gov,Male
317,Susan,Ortiz,sortiz8s@msu.edu,Female
318,Douglas,Diaz,ddiaz8t@ibm.com,Male
319,Shirley,Romero,sromero8u@networkadvertising.org,Female
320,Todd,Richardson,trichardson8v@amazonaws.com,Male
321,Samuel,Adams,sadams8w@dedecms.com,Male
322,Martha,Hansen,mhansen8x@live.com,Female
323,Eric,Freeman,efreeman8y@tiny.cc,Male
324,Julie,Franklin,jfranklin8z@home.pl,Female
325,Heather,Simmons,hsimmons90@phpbb.com,Female
326,Scott,Stephens,sstephens91@php.net,Male
327,Sandra,Diaz,sdiaz92@rambler.ru,Female
328,Patricia,Sanchez,psanchez93@reuters.com,Female
329,Rose,Dean,rdean94@omniture.com,Female
330,Julie,Kelly,jkelly95@rambler.ru,Female
331,Stephanie,Edwards,sedwards96@wiley.com,Female
332,Rose,Wells,rwells97@rediff.com,Female
333,Ralph,Stanley,rstanley98@ovh.net,Male
334,Norma,Ryan,nryan99@gravatar.com,Female
335,Justin,Bennett,jbennett9a@time.com,Male
336,Carolyn,Hanson,chanson9b@reddit.com,Female
337,Roy,Roberts,rroberts9c@gov.uk,Male
338,Angela,Burke,aburke9d@prweb.com,Female
339,Katherine,Kennedy,kkennedy9e@reddit.com,Female
340,Jimmy,Jones,jjones9f@chronoengine.com,Male
341,Johnny,Collins,jcollins9g@wired.com,Male
342,Christine,Cruz,ccruz9h@ifeng.com,Female
343,Clarence,Wilson,cwilson9i@prlog.org,Male
344,George,George,ggeorge9j@yelp.com,Male
345,Carl,Cole,ccole9k@hao123.com,Male
346,Laura,Berry,lberry9l@deviantart.com,Female
347,Samuel,Richards,srichards9m@bloglines.com,Male
348,Arthur,Ryan,aryan9n@live.com,Male
349,David,Hunt,dhunt9o@thetimes.co.uk,Male
350,Eugene,Palmer,epalmer9p@alibaba.com,Male
351,Larry,Ramos,lramos9q@usnews.com,Male
352,Douglas,Henderson,dhenderson9r@wikia.com,Male
353,Mary,Mcdonald,mmcdonald9s@ycombinator.com,Female
354,Bruce,Graham,bgraham9t@columbia.edu,Male
355,Theresa,Dixon,tdixon9u@wikimedia.org,Female
356,Nicholas,Rogers,nrogers9v@telegraph.co.uk,Male
357,Bonnie,Wells,bwells9w@newyorker.com,Female
358,Sarah,Robinson,srobinson9x@upenn.edu,Female
359,Juan,Wagner,jwagner9y@patch.com,Male
360,Karen,Diaz,kdiaz9z@yellowbook.com,Female
361,Kathy,Evans,kevansa0@about.me,Female
362,Teresa,Hill,thilla1@yale.edu,Female
363,Wayne,Webb,wwebba2@homestead.com,Male
364,Nancy,Woods,nwoodsa3@gmpg.org,Female
365,Henry,Harper,hharpera4@behance.net,Male
366,Christine,Ortiz,cortiza5@last.fm,Female
367,Nicholas,Barnes,nbarnesa6@hhs.gov,Male
368,Robin,Hernandez,rhernandeza7@sfgate.com,Female
369,Stephen,Cox,scoxa8@hatena.ne.jp,Male
370,Sandra,Chavez,schaveza9@blogtalkradio.com,Female
371,Ronald,Diaz,rdiazaa@bluehost.com,Male
372,John,Hudson,jhudsonab@boston.com,Male
373,Jeffrey,Carter,jcarterac@ftc.gov,Male
374,Ralph,Shaw,rshawad@alexa.com,Male
375,Gregory,Ruiz,gruizae@squidoo.com,Male
376,Tammy,Richards,trichardsaf@chicagotribune.com,Female
377,Andrew,Rice,ariceag@time.com,Male
378,Mildred,Boyd,mboydah@facebook.com,Female
379,Sarah,Clark,sclarkai@123-reg.co.uk,Female
380,Raymond,Berry,rberryaj@geocities.com,Male
381,Joan,Cunningham,jcunninghamak@de.vu,Female
382,Judith,Graham,jgrahamal@kickstarter.com,Female
383,Richard,George,rgeorgeam@eventbrite.com,Male
384,Brenda,Ramos,bramosan@paypal.com,Female
385,Frances,Cook,fcookao@marketwatch.com,Female
386,Roy,Armstrong,rarmstrongap@wikispaces.com,Male
387,Jennifer,Fisher,jfisheraq@blogtalkradio.com,Female
388,Ernest,Brown,ebrownar@ucoz.ru,Male
389,Matthew,Warren,mwarrenas@altervista.org,Male
390,Ann,Oliver,aoliverat@miibeian.gov.cn,Female
391,Robert,Frazier,rfrazierau@ehow.com,Male
392,Roger,Ellis,rellisav@indiatimes.com,Male
393,William,Gonzales,wgonzalesaw@360.cn,Male
394,Irene,Carpenter,icarpenterax@pen.io,Female
395,Alan,Stephens,astephensay@bandcamp.com,Male
396,Angela,Hamilton,ahamiltonaz@cnet.com,Female
397,Anthony,Stanley,astanleyb0@mac.com,Male
398,Denise,Reyes,dreyesb1@symantec.com,Female
399,Sara,Mendoza,smendozab2@about.me,Female
400,Robert,Howell,rhowellb3@geocities.jp,Male
401,James,Ferguson,jfergusonb4@chron.com,Male
402,Janet,Fuller,jfullerb5@pbs.org,Female
403,Russell,Frazier,rfrazierb6@irs.gov,Male
404,Angela,Fernandez,afernandezb7@e-recht24.de,Female
405,Kenneth,Palmer,kpalmerb8@pagesperso-orange.fr,Male
406,Christopher,Watkins,cwatkinsb9@msn.com,Male
407,Wanda,Barnes,wbarnesba@hc360.com,Female
408,Jose,Hill,jhillbb@sun.com,Male
409,Paul,Powell,ppowellbc@eventbrite.com,Male
410,Cheryl,Tucker,ctuckerbd@reference.com,Female
411,Tina,Brown,tbrownbe@stumbleupon.com,Female
412,Kathy,Fox,kfoxbf@google.ca,Female
413,Gloria,Perry,gperrybg@unc.edu,Female
414,Wayne,Patterson,wpattersonbh@infoseek.co.jp,Male
415,Bobby,Knight,bknightbi@constantcontact.com,Male
416,Roger,Moreno,rmorenobj@chicagotribune.com,Male
417,Annie,Cole,acolebk@aol.com,Female
418,Richard,Baker,rbakerbl@51.la,Male
419,Joan,Carr,jcarrbm@uiuc.edu,Female
420,Matthew,Martinez,mmartinezbn@bloglines.com,Male
421,Sarah,Taylor,staylorbo@t.co,Female
422,Alice,Cooper,acooperbp@github.io,Female
423,Ernest,Weaver,eweaverbq@answers.com,Male
424,Peter,Hill,phillbr@simplemachines.org,Male
425,Lois,Reynolds,lreynoldsbs@state.tx.us,Female
426,Martin,Henry,mhenrybt@aol.com,Male
427,Janet,Marshall,jmarshallbu@skyrock.com,Female
428,Lillian,Edwards,ledwardsbv@amazon.co.uk,Female
429,Christopher,Spencer,cspencerbw@fc2.com,Male
430,Irene,Hernandez,ihernandezbx@bing.com,Female
431,Jimmy,Davis,jdavisby@bbc.co.uk,Male
432,Cheryl,Edwards,cedwardsbz@cam.ac.uk,Female
433,Martha,Kelly,mkellyc0@noaa.gov,Female
434,Jesse,Ward,jwardc1@list-manage.com,Male
435,Kevin,Watkins,kwatkinsc2@alibaba.com,Male
436,Adam,Gilbert,agilbertc3@trellian.com,Male
437,Joan,Chavez,jchavezc4@exblog.jp,Female
438,Jimmy,Mcdonald,jmcdonaldc5@house.gov,Male
439,Charles,Stephens,cstephensc6@indiegogo.com,Male
440,John,Mitchell,jmitchellc7@tinyurl.com,Male
441,Frank,West,fwestc8@wufoo.com,Male
442,Victor,Rose,vrosec9@nhs.uk,Male
443,Adam,Thompson,athompsonca@house.gov,Male
444,Maria,Ellis,melliscb@miitbeian.gov.cn,Female
445,Michelle,Wallace,mwallacecc@dropbox.com,Female
446,Nicholas,George,ngeorgecd@harvard.edu,Male
447,Clarence,Burton,cburtonce@cnet.com,Male
448,Beverly,Coleman,bcolemancf@biblegateway.com,Female
449,Ernest,Taylor,etaylorcg@360.cn,Male
450,Kimberly,Hudson,khudsonch@scientificamerican.com,Female
451,Carl,Simmons,csimmonsci@multiply.com,Male
452,Brandon,Barnes,bbarnescj@uol.com.br,Male
453,Melissa,Franklin,mfranklinck@nationalgeographic.com,Female
454,Helen,Tucker,htuckercl@is.gd,Female
455,Lois,Miller,lmillercm@un.org,Female
456,Dorothy,Bowman,dbowmancn@admin.ch,Female
457,Jessica,Dixon,jdixonco@diigo.com,Female
458,Brian,Welch,bwelchcp@joomla.org,Male
459,Anthony,Ortiz,aortizcq@cargocollective.com,Male
460,Martha,Kennedy,mkennedycr@oakley.com,Female
461,Marilyn,Perez,mperezcs@ca.gov,Female
462,Rachel,Washington,rwashingtonct@eepurl.com,Female
463,Eric,Clark,eclarkcu@fc2.com,Male
464,Howard,Holmes,hholmescv@mapy.cz,Male
465,Terry,Burke,tburkecw@mapquest.com,Male
466,Timothy,Richards,trichardscx@opensource.org,Male
467,Russell,Roberts,rrobertscy@sohu.com,Male
468,Dennis,Bishop,dbishopcz@facebook.com,Male
469,Karen,Ferguson,kfergusond0@4shared.com,Female
470,Laura,George,lgeorged1@jalbum.net,Female
471,Patricia,Hudson,phudsond2@miitbeian.gov.cn,Female
472,Sarah,Gardner,sgardnerd3@hostgator.com,Female
473,Deborah,Burton,dburtond4@wikipedia.org,Female
474,Janice,Dixon,jdixond5@reddit.com,Female
475,Kenneth,Jackson,kjacksond6@tinyurl.com,Male
476,Earl,Burns,eburnsd7@opera.com,Male
477,Sharon,Murphy,smurphyd8@mozilla.com,Female
478,Brenda,Williamson,bwilliamsond9@de.vu,Female
479,Todd,White,twhiteda@blogger.com,Male
480,Phillip,Banks,pbanksdb@artisteer.com,Male
481,Joe,Gibson,jgibsondc@java.com,Male
482,Douglas,Flores,dfloresdd@bloglovin.com,Male
483,Jennifer,Hudson,jhudsonde@google.nl,Female
484,Bobby,Cunningham,bcunninghamdf@washington.edu,Male
485,Keith,Kelley,kkelleydg@microsoft.com,Male
486,Frank,Nguyen,fnguyendh@npr.org,Male
487,Todd,Mendoza,tmendozadi@so-net.ne.jp,Male
488,Bonnie,Bailey,bbaileydj@edublogs.org,Female
489,Patricia,Stevens,pstevensdk@aol.com,Female
490,Carol,Anderson,candersondl@chronoengine.com,Female
491,Douglas,Carroll,dcarrolldm@huffingtonpost.com,Male
492,Steve,Ross,srossdn@apple.com,Male
493,Donald,Anderson,dandersondo@surveymonkey.com,Male
494,Catherine,Richardson,crichardsondp@sohu.com,Female
495,Beverly,Coleman,bcolemandq@linkedin.com,Female
496,Ann,Webb,awebbdr@foxnews.com,Female
497,Kimberly,Burton,kburtonds@google.pl,Female
498,Pamela,Hanson,phansondt@jiathis.com,Female
499,Peter,Medina,pmedinadu@tuttocitta.it,Male
500,Mark,Reid,mreiddv@seesaa.net,Male
501,Eugene,Harper,eharperdw@com.com,Male
502,Jane,Crawford,jcrawforddx@cdbaby.com,Female
503,Willie,Wheeler,wwheelerdy@lulu.com,Male
504,Marie,Hall,mhalldz@diigo.com,Female
505,Lois,Morrison,lmorrisone0@indiegogo.com,Female
506,Joe,Hunt,jhunte1@nbcnews.com,Male
507,Joyce,Morrison,jmorrisone2@stumbleupon.com,Female
508,Carlos,Ellis,cellise3@github.io,Male
509,Christopher,Ryan,cryane4@geocities.jp,Male
510,Philip,Schmidt,pschmidte5@discuz.net,Male
511,Rachel,Martinez,rmartineze6@cisco.com,Female
512,Julia,Frazier,jfraziere7@nationalgeographic.com,Female
513,Martin,Mendoza,mmendozae8@moonfruit.com,Male
514,Linda,Garza,lgarzae9@behance.net,Female
515,Jesse,Smith,jsmithea@guardian.co.uk,Male
516,Marilyn,Duncan,mduncaneb@prlog.org,Female
517,Rachel,Lane,rlaneec@dmoz.org,Female
518,Willie,Rivera,wriveraed@flavors.me,Male
519,Betty,Day,bdayee@vinaora.com,Female
520,Judy,Ramirez,jramirezef@blogtalkradio.com,Female
521,Christina,Knight,cknighteg@skyrock.com,Female
522,Frank,Cook,fcookeh@wikia.com,Male
523,Carlos,Gordon,cgordonei@house.gov,Male
524,Arthur,Simpson,asimpsonej@vistaprint.com,Male
525,Paul,Kelley,pkelleyek@netscape.com,Male
526,Daniel,Walker,dwalkerel@istockphoto.com,Male
527,Betty,Johnson,bjohnsonem@icio.us,Female
528,Shirley,Morales,smoralesen@cargocollective.com,Female
529,Diane,Warren,dwarreneo@naver.com,Female
530,Rachel,Richards,rrichardsep@instagram.com,Female
531,Michael,Burton,mburtoneq@spotify.com,Male
532,Alice,Reed,areeder@fda.gov,Female
533,Donald,Little,dlittlees@wsj.com,Male
534,Jane,Clark,jclarket@twitter.com,Female
535,Steve,Coleman,scolemaneu@youku.com,Male
536,Joan,Campbell,jcampbellev@ehow.com,Female
537,Russell,Arnold,rarnoldew@dmoz.org,Male
538,Kathleen,Hart,khartex@altervista.org,Female
539,Andrew,Elliott,aelliottey@hp.com,Male
540,Evelyn,Clark,eclarkez@ted.com,Female
541,Stephen,Scott,sscottf0@yelp.com,Male
542,Brian,Mitchell,bmitchellf1@ucoz.com,Male
543,Keith,Ramirez,kramirezf2@comsenz.com,Male
544,Craig,Cunningham,ccunninghamf3@homestead.com,Male
545,Amanda,Murray,amurrayf4@who.int,Female
546,Ryan,Tucker,rtuckerf5@army.mil,Male
547,David,Cruz,dcruzf6@google.ru,Male
548,Henry,Freeman,hfreemanf7@japanpost.jp,Male
549,Cynthia,Holmes,cholmesf8@xing.com,Female
550,Julie,Medina,jmedinaf9@hud.gov,Female
551,Anna,Fowler,afowlerfa@abc.net.au,Female
552,Frank,Price,fpricefb@csmonitor.com,Male
553,Ashley,West,awestfc@diigo.com,Female
554,Melissa,Mendoza,mmendozafd@miibeian.gov.cn,Female
555,Christine,Sanders,csandersfe@purevolume.com,Female
556,Ruby,Gardner,rgardnerff@ebay.com,Female
557,Harry,Holmes,hholmesfg@dagondesign.com,Male
558,Sean,Austin,saustinfh@skype.com,Male
559,Kathleen,Ryan,kryanfi@si.edu,Female
560,Joe,Wright,jwrightfj@cornell.edu,Male
561,Ruth,Fields,rfieldsfk@creativecommons.org,Female
562,Brenda,Mills,bmillsfl@bbb.org,Female
563,Emily,Coleman,ecolemanfm@npr.org,Female
564,Lois,Bowman,lbowmanfn@arstechnica.com,Female
565,Heather,Wilson,hwilsonfo@cbsnews.com,Female
566,Anna,Barnes,abarnesfp@china.com.cn,Female
567,Karen,Riley,krileyfq@princeton.edu,Female
568,Jerry,Spencer,jspencerfr@webmd.com,Male
569,Eugene,Lane,elanefs@twitter.com,Male
570,Kevin,Davis,kdavisft@indiegogo.com,Male
571,Joan,Robertson,jrobertsonfu@1688.com,Female
572,Antonio,Payne,apaynefv@msn.com,Male
573,Dorothy,Sims,dsimsfw@dedecms.com,Female
574,Andrew,Thomas,athomasfx@storify.com,Male
575,Craig,Carr,ccarrfy@ycombinator.com,Male
576,Joan,Ramos,jramosfz@4shared.com,Female
577,Philip,George,pgeorgeg0@omniture.com,Male
578,Rose,Baker,rbakerg1@samsung.com,Female
579,Steven,Chapman,schapmang2@mashable.com,Male
580,George,Perkins,gperkinsg3@constantcontact.com,Male
581,Heather,Medina,hmedinag4@google.com.br,Female
582,Terry,Mills,tmillsg5@photobucket.com,Male
583,Frank,Rogers,frogersg6@tinypic.com,Male
584,Lillian,Gomez,lgomezg7@google.co.jp,Female
585,Joan,Stone,jstoneg8@imgur.com,Female
586,Johnny,Howell,jhowellg9@prlog.org,Male
587,Terry,Butler,tbutlerga@bloglovin.com,Male
588,Beverly,Hall,bhallgb@aboutads.info,Female
589,Carol,King,ckinggc@phoca.cz,Female
590,Johnny,Washington,jwashingtongd@europa.eu,Male
591,Ryan,Robertson,rrobertsonge@people.com.cn,Male
592,Julie,Williamson,jwilliamsongf@smh.com.au,Female
593,Debra,Watson,dwatsongg@stanford.edu,Female
594,Dorothy,Williams,dwilliamsgh@imdb.com,Female
595,Anne,Bishop,abishopgi@umn.edu,Female
596,Heather,Thomas,hthomasgj@wix.com,Female
597,Debra,Collins,dcollinsgk@parallels.com,Female
598,Arthur,Burton,aburtongl@hubpages.com,Male
599,Albert,Taylor,ataylorgm@harvard.edu,Male
600,Ernest,Hall,ehallgn@bigcartel.com,Male
601,Anna,Patterson,apattersongo@economist.com,Female
602,Diane,Carroll,dcarrollgp@amazonaws.com,Female
603,Joan,Andrews,jandrewsgq@arstechnica.com,Female
604,Harry,Hill,hhillgr@devhub.com,Male
605,Kathleen,Kim,kkimgs@bbb.org,Female
606,Steve,Reid,sreidgt@ed.gov,Male
607,Antonio,Jenkins,ajenkinsgu@omniture.com,Male
608,Helen,Scott,hscottgv@webeden.co.uk,Female
609,Bonnie,Peterson,bpetersongw@google.cn,Female
610,Roger,Harris,rharrisgx@hp.com,Male
611,Ashley,Garza,agarzagy@who.int,Female
612,Jose,Weaver,jweavergz@sitemeter.com,Male
613,Michael,Austin,maustinh0@amazonaws.com,Male
614,Ruth,Chapman,rchapmanh1@ed.gov,Female
615,Howard,Flores,hfloresh2@sfgate.com,Male
616,Jack,Mendoza,jmendozah3@delicious.com,Male
617,Anthony,Ellis,aellish4@ustream.tv,Male
618,Elizabeth,Hanson,ehansonh5@nytimes.com,Female
619,Martha,Parker,mparkerh6@bbc.co.uk,Female
620,Tammy,Jones,tjonesh7@nsw.gov.au,Female
621,Jimmy,Austin,jaustinh8@dmoz.org,Male
622,Cynthia,Turner,cturnerh9@cpanel.net,Female
623,Jane,Hunter,jhunterha@sbwire.com,Female
624,Earl,Peters,epetershb@deviantart.com,Male
625,Kathy,Welch,kwelchhc@canalblog.com,Female
626,Judith,Morales,jmoraleshd@ft.com,Female
627,Lois,Fisher,lfisherhe@deliciousdays.com,Female
628,Earl,Williams,ewilliamshf@vimeo.com,Male
629,Carolyn,Brown,cbrownhg@timesonline.co.uk,Female
630,James,Myers,jmyershh@woothemes.com,Male
631,Michelle,Arnold,marnoldhi@samsung.com,Female
632,Justin,Wallace,jwallacehj@ucoz.ru,Male
633,Aaron,Graham,agrahamhk@amazon.com,Male
634,Kevin,Thompson,kthompsonhl@cdbaby.com,Male
635,Michelle,Harrison,mharrisonhm@studiopress.com,Female
636,Dennis,Gutierrez,dgutierrezhn@prlog.org,Male
637,Kathy,Marshall,kmarshallho@yolasite.com,Female
638,Lois,Ellis,lellishp@nih.gov,Female
639,Rebecca,Daniels,rdanielshq@sina.com.cn,Female
640,Bobby,Olson,bolsonhr@technorati.com,Male
641,Andrea,Turner,aturnerhs@omniture.com,Female
642,Jimmy,Morrison,jmorrisonht@ycombinator.com,Male
643,Stephen,Porter,sporterhu@edublogs.org,Male
644,Alan,Johnson,ajohnsonhv@pbs.org,Male
645,Jean,Garrett,jgarretthw@posterous.com,Female
646,Pamela,Powell,ppowellhx@nsw.gov.au,Female
647,Kevin,Stevens,kstevenshy@phpbb.com,Male
648,Kevin,Peters,kpetershz@sfgate.com,Male
649,Julie,Sanders,jsandersi0@prlog.org,Female
650,Walter,Franklin,wfranklini1@skype.com,Male
651,Lawrence,Robinson,lrobinsoni2@godaddy.com,Male
652,Beverly,Peters,bpetersi3@flickr.com,Female
653,Ashley,Carr,acarri4@over-blog.com,Female
654,Henry,Cox,hcoxi5@hatena.ne.jp,Male
655,Lillian,Ray,lrayi6@hhs.gov,Female
656,Juan,Gonzales,jgonzalesi7@w3.org,Male
657,Charles,Hayes,chayesi8@ca.gov,Male
658,Clarence,Kelley,ckelleyi9@mozilla.org,Male
659,Heather,Miller,hmilleria@vkontakte.ru,Female
660,Nicole,Foster,nfosterib@ning.com,Female
661,Martha,Phillips,mphillipsic@netlog.com,Female
662,Judy,Hernandez,jhernandezid@scientificamerican.com,Female
663,Susan,Mccoy,smccoyie@oracle.com,Female
664,Gerald,Smith,gsmithif@miitbeian.gov.cn,Male
665,Annie,Wilson,awilsonig@buzzfeed.com,Female
666,Brenda,Knight,bknightih@smugmug.com,Female
667,Carl,Baker,cbakerii@ow.ly,Male
668,Margaret,Harris,mharrisij@nasa.gov,Female
669,Alan,Reyes,areyesik@si.edu,Male
670,Larry,Howard,lhowardil@businesswire.com,Male
671,Lillian,Chapman,lchapmanim@europa.eu,Female
672,Eugene,Oliver,eoliverin@accuweather.com,Male
673,Tina,Peters,tpetersio@utexas.edu,Female
674,Mark,Cruz,mcruzip@senate.gov,Male
675,Bruce,Wilson,bwilsoniq@163.com,Male
676,Juan,Nguyen,jnguyenir@macromedia.com,Male
677,William,Smith,wsmithis@typepad.com,Male
678,Eric,Flores,efloresit@imdb.com,Male
679,Ashley,Armstrong,aarmstrongiu@ameblo.jp,Female
680,Eric,Ruiz,eruiziv@hud.gov,Male
681,Angela,Hart,ahartiw@posterous.com,Female
682,George,Bryant,gbryantix@seesaa.net,Male
683,Clarence,Cook,ccookiy@dropbox.com,Male
684,Deborah,Arnold,darnoldiz@surveymonkey.com,Female
685,Matthew,Hall,mhallj0@opera.com,Male
686,Clarence,Henderson,chendersonj1@cornell.edu,Male
687,Harry,Taylor,htaylorj2@rediff.com,Male
688,Kelly,Knight,kknightj3@nba.com,Female
689,Brenda,Holmes,bholmesj4@accuweather.com,Female
690,Stephen,Brooks,sbrooksj5@stumbleupon.com,Male
691,Timothy,Bennett,tbennettj6@army.mil,Male
692,Irene,Myers,imyersj7@dailymotion.com,Female
693,Lillian,Gordon,lgordonj8@is.gd,Female
694,Kenneth,Ramirez,kramirezj9@cafepress.com,Male
695,Nancy,Young,nyoungja@desdev.cn,Female
696,Roy,Hayes,rhayesjb@nyu.edu,Male
697,Sara,Andrews,sandrewsjc@angelfire.com,Female
698,Mildred,Knight,mknightjd@vkontakte.ru,Female
699,Heather,Stephens,hstephensje@prweb.com,Female
700,Julia,Hall,jhalljf@buzzfeed.com,Female
701,Irene,Howell,ihowelljg@statcounter.com,Female
702,Billy,Day,bdayjh@about.me,Male
703,Christopher,Mills,cmillsji@yahoo.co.jp,Male
704,Roy,Gardner,rgardnerjj@sphinn.com,Male
705,Ruby,Jackson,rjacksonjk@google.pl,Female
706,Jack,Wilson,jwilsonjl@nps.gov,Male
707,Catherine,Bennett,cbennettjm@taobao.com,Female
708,Gerald,Butler,gbutlerjn@parallels.com,Male
709,Wayne,Jordan,wjordanjo@cnn.com,Male
710,Donald,Cook,dcookjp@epa.gov,Male
711,Kathy,Harrison,kharrisonjq@flavors.me,Female
712,Matthew,Black,mblackjr@utexas.edu,Male
713,Kathryn,Perry,kperryjs@moonfruit.com,Female
714,Joseph,Weaver,jweaverjt@cnbc.com,Male
715,Benjamin,George,bgeorgeju@xing.com,Male
716,Diane,Robinson,drobinsonjv@sfgate.com,Female
717,Mary,Johnson,mjohnsonjw@google.com.br,Female
718,David,Franklin,dfranklinjx@ca.gov,Male
719,Clarence,Wilson,cwilsonjy@sciencedaily.com,Male
720,Tina,Martinez,tmartinezjz@plala.or.jp,Female
721,Maria,Morris,mmorrisk0@purevolume.com,Female
722,Albert,Peterson,apetersonk1@networksolutions.com,Male
723,Sarah,Martinez,smartinezk2@nps.gov,Female
724,Maria,Garrett,mgarrettk3@g.co,Female
725,Paul,Lane,planek4@blogspot.com,Male
726,Cynthia,Jacobs,cjacobsk5@arizona.edu,Female
727,Donna,James,djamesk6@sciencedirect.com,Female
728,Denise,Hughes,dhughesk7@ning.com,Female
729,Philip,Baker,pbakerk8@opera.com,Male
730,Dennis,Moreno,dmorenok9@shutterfly.com,Male
731,Mildred,Sims,msimska@cbc.ca,Female
732,Anna,Shaw,ashawkb@wufoo.com,Female
733,Timothy,Austin,taustinkc@mapquest.com,Male
734,Anne,George,ageorgekd@wsj.com,Female
735,Theresa,Stanley,tstanleyke@fastcompany.com,Female
736,Phillip,Butler,pbutlerkf@buzzfeed.com,Male
737,George,Castillo,gcastillokg@home.pl,Male
738,Nicole,Marshall,nmarshallkh@delicious.com,Female
739,Juan,Gilbert,jgilbertki@amazon.com,Male
740,Elizabeth,Griffin,egriffinkj@shareasale.com,Female
741,Tina,Boyd,tboydkk@youku.com,Female
742,Gary,Ford,gfordkl@constantcontact.com,Male
743,Joseph,Roberts,jrobertskm@senate.gov,Male
744,Margaret,Myers,mmyerskn@umn.edu,Female
745,William,Wells,wwellsko@discuz.net,Male
746,Scott,Gonzalez,sgonzalezkp@friendfeed.com,Male
747,Teresa,Myers,tmyerskq@jugem.jp,Female
748,Earl,Hamilton,ehamiltonkr@tiny.cc,Male
749,Harry,Gray,hgrayks@networkadvertising.org,Male
750,Ronald,West,rwestkt@sitemeter.com,Male
751,Samuel,Stone,sstoneku@geocities.com,Male
752,Amanda,Phillips,aphillipskv@dion.ne.jp,Female
753,Jeremy,Phillips,jphillipskw@paginegialle.it,Male
754,Sandra,Bailey,sbaileykx@cmu.edu,Female
755,Douglas,Carter,dcarterky@google.fr,Male
756,Samuel,Walker,swalkerkz@printfriendly.com,Male
757,Julie,Watson,jwatsonl0@chronoengine.com,Female
758,Nicole,Watson,nwatsonl1@census.gov,Female
759,Pamela,Mills,pmillsl2@discuz.net,Female
760,Larry,Castillo,lcastillol3@wiley.com,Male
761,Diane,Garrett,dgarrettl4@nymag.com,Female
762,Gregory,Gonzales,ggonzalesl5@sciencedaily.com,Male
763,Larry,Powell,lpowelll6@nbcnews.com,Male
764,Howard,Rice,hricel7@ucsd.edu,Male
765,Roy,Mendoza,rmendozal8@chronoengine.com,Male
766,Walter,Johnston,wjohnstonl9@apache.org,Male
767,Gregory,Howell,ghowellla@dedecms.com,Male
768,Frances,Kim,fkimlb@latimes.com,Female
769,Samuel,Bell,sbelllc@studiopress.com,Male
770,Michael,Hart,mhartld@addtoany.com,Male
771,Norma,Perez,nperezle@washingtonpost.com,Female
772,Linda,Price,lpricelf@skype.com,Female
773,Linda,Ferguson,lfergusonlg@deviantart.com,Female
774,Victor,Morrison,vmorrisonlh@alibaba.com,Male
775,Annie,Day,adayli@1und1.de,Female
776,Kathleen,Kelly,kkellylj@hud.gov,Female
777,William,Martin,wmartinlk@cbslocal.com,Male
778,Fred,West,fwestll@cargocollective.com,Male
779,Phillip,Greene,pgreenelm@smugmug.com,Male
780,Bruce,Rice,briceln@lycos.com,Male
781,Karen,Smith,ksmithlo@xing.com,Female
782,Timothy,Mccoy,tmccoylp@surveymonkey.com,Male
783,Pamela,Duncan,pduncanlq@bloglines.com,Female
784,Thomas,Torres,ttorreslr@cyberchimps.com,Male
785,Earl,Mitchell,emitchellls@cnet.com,Male
786,Margaret,Rice,mricelt@admin.ch,Female
787,Julie,Fisher,jfisherlu@japanpost.jp,Female
788,Robert,Burns,rburnslv@rediff.com,Male
789,Ashley,Ross,arosslw@bbb.org,Female
790,Carl,Holmes,cholmeslx@businessweek.com,Male
791,Larry,Walker,lwalkerly@geocities.com,Male
792,Virginia,Gonzalez,vgonzalezlz@skyrock.com,Female
793,Eric,Little,elittlem0@yellowbook.com,Male
794,John,Hansen,jhansenm1@vkontakte.ru,Male
795,Adam,Graham,agrahamm2@squidoo.com,Male
796,Ashley,Murphy,amurphym3@fema.gov,Female
797,Sandra,Perry,sperrym4@ebay.co.uk,Female
798,Ashley,Ray,araym5@godaddy.com,Female
799,David,Palmer,dpalmerm6@slate.com,Male
800,Kelly,Carpenter,kcarpenterm7@deviantart.com,Female
801,Rose,Ruiz,rruizm8@goo.gl,Female
802,Matthew,Patterson,mpattersonm9@github.io,Male
803,Nicholas,Rivera,nriverama@sourceforge.net,Male
804,Lisa,Garcia,lgarciamb@japanpost.jp,Female
805,Kathryn,Hall,khallmc@geocities.jp,Female
806,Dorothy,Medina,dmedinamd@digg.com,Female
807,Louise,Nichols,lnicholsme@dion.ne.jp,Female
808,Diana,Wood,dwoodmf@wikipedia.org,Female
809,Andrea,Owens,aowensmg@state.tx.us,Female
810,Carl,Lane,clanemh@stanford.edu,Male
811,Jessica,Morris,jmorrismi@un.org,Female
812,Douglas,Hawkins,dhawkinsmj@bloglines.com,Male
813,Linda,Watkins,lwatkinsmk@nifty.com,Female
814,Cynthia,Stone,cstoneml@google.nl,Female
815,Jacqueline,Ryan,jryanmm@jugem.jp,Female
816,Sharon,Hicks,shicksmn@admin.ch,Female
817,Sarah,Murphy,smurphymo@cmu.edu,Female
818,Louis,Lee,lleemp@phoca.cz,Male
819,Judith,Hansen,jhansenmq@mediafire.com,Female
820,Theresa,Olson,tolsonmr@cafepress.com,Female
821,Harold,Romero,hromeroms@ucoz.com,Male
822,Joan,Bishop,jbishopmt@disqus.com,Female
823,Norma,Ford,nfordmu@cbsnews.com,Female
824,Eugene,Reid,ereidmv@google.com,Male
825,Bonnie,Morales,bmoralesmw@usnews.com,Female
826,Joe,Stanley,jstanleymx@dailymail.co.uk,Male
827,Kelly,Fowler,kfowlermy@digg.com,Female
828,Diana,Harper,dharpermz@google.es,Female
829,Alan,Morgan,amorgann0@wufoo.com,Male
830,Arthur,Coleman,acolemann1@domainmarket.com,Male
831,Karen,Stanley,kstanleyn2@scientificamerican.com,Female
832,Susan,Dixon,sdixonn3@patch.com,Female
833,Joe,Simmons,jsimmonsn4@360.cn,Male
834,Lois,Anderson,landersonn5@ucoz.ru,Female
835,Stephen,Greene,sgreenen6@google.co.uk,Male
836,Anna,Hunt,ahuntn7@state.gov,Female
837,Sean,Ellis,sellisn8@cdbaby.com,Male
838,Dorothy,Williams,dwilliamsn9@php.net,Female
839,Paul,Chapman,pchapmanna@blogspot.com,Male
840,Steve,Long,slongnb@tuttocitta.it,Male
841,Gregory,Peters,gpetersnc@w3.org,Male
842,Frank,Crawford,fcrawfordnd@hud.gov,Male
843,Charles,Griffin,cgriffinne@wufoo.com,Male
844,Jane,Moore,jmoorenf@cnn.com,Female
845,Roy,Gonzales,rgonzalesng@taobao.com,Male
846,Carlos,Bell,cbellnh@technorati.com,Male
847,Sarah,Cooper,scooperni@auda.org.au,Female
848,Jeffrey,Palmer,jpalmernj@house.gov,Male
849,Stephen,Johnson,sjohnsonnk@japanpost.jp,Male
850,Tina,Roberts,trobertsnl@g.co,Female
851,Ruth,Sanchez,rsancheznm@nps.gov,Female
852,Frances,Brown,fbrownnn@g.co,Female
853,Michael,Little,mlittleno@wikia.com,Male
854,Thomas,Long,tlongnp@mlb.com,Male
855,Norma,Dean,ndeannq@squarespace.com,Female
856,Shirley,Franklin,sfranklinnr@usda.gov,Female
857,Katherine,Ellis,kellisns@sciencedaily.com,Female
858,Willie,White,wwhitent@hexun.com,Male
859,Edward,Carroll,ecarrollnu@networksolutions.com,Male
860,Rose,Butler,rbutlernv@census.gov,Female
861,Kimberly,Carr,kcarrnw@github.com,Female
862,Roger,Lynch,rlynchnx@mit.edu,Male
863,Bobby,Jordan,bjordanny@stanford.edu,Male
864,Bonnie,Butler,bbutlernz@domainmarket.com,Female
865,Todd,Vasquez,tvasquezo0@hud.gov,Male
866,Rachel,Rice,rriceo1@cdc.gov,Female
867,Nancy,Howard,nhowardo2@eventbrite.com,Female
868,Lisa,Clark,lclarko3@desdev.cn,Female
869,Robin,Hunt,rhunto4@youku.com,Female
870,Joseph,White,jwhiteo5@utexas.edu,Male
871,Michael,Fuller,mfullero6@statcounter.com,Male
872,Maria,Wilson,mwilsono7@un.org,Female
873,Thomas,Patterson,tpattersono8@purevolume.com,Male
874,Michelle,Foster,mfostero9@hostgator.com,Female
875,Catherine,Torres,ctorresoa@typepad.com,Female
876,Willie,Burns,wburnsob@stumbleupon.com,Male
877,Frank,Kelley,fkelleyoc@ihg.com,Male
878,Jeffrey,Kim,jkimod@addtoany.com,Male
879,Pamela,Watkins,pwatkinsoe@abc.net.au,Female
880,Janice,Reynolds,jreynoldsof@liveinternet.ru,Female
881,Aaron,Ellis,aellisog@hugedomains.com,Male
882,Sara,Kelly,skellyoh@amazon.co.uk,Female
883,Paul,George,pgeorgeoi@webmd.com,Male
884,Antonio,Robinson,arobinsonoj@theatlantic.com,Male
885,Albert,Robinson,arobinsonok@bigcartel.com,Male
886,Terry,Ruiz,truizol@ehow.com,Male
887,Earl,Freeman,efreemanom@amazon.co.uk,Male
888,Anthony,Walker,awalkeron@dailymotion.com,Male
889,Cheryl,Romero,cromerooo@myspace.com,Female
890,Ann,Fields,afieldsop@themeforest.net,Female
891,Walter,Wheeler,wwheeleroq@odnoklassniki.ru,Male
892,Linda,Scott,lscottor@google.fr,Female
893,Lori,Sanchez,lsanchezos@yahoo.co.jp,Female
894,Bruce,Gonzalez,bgonzalezot@skype.com,Male
895,George,Frazier,gfrazierou@bbb.org,Male
896,James,Anderson,jandersonov@is.gd,Male
897,Brian,Porter,bporterow@spotify.com,Male
898,Walter,Smith,wsmithox@latimes.com,Male
899,Annie,Foster,afosteroy@reverbnation.com,Female
900,Howard,Young,hyoungoz@diigo.com,Male
901,Jimmy,Long,jlongp0@people.com.cn,Male
902,Theresa,Howell,thowellp1@amazonaws.com,Female
903,Samuel,Gray,sgrayp2@storify.com,Male
904,Stephanie,Holmes,sholmesp3@sohu.com,Female
905,Benjamin,Simpson,bsimpsonp4@altervista.org,Male
906,Sarah,Payne,spaynep5@plala.or.jp,Female
907,Harry,Sullivan,hsullivanp6@hostgator.com,Male
908,Adam,Schmidt,aschmidtp7@lulu.com,Male
909,Todd,Jacobs,tjacobsp8@ow.ly,Male
910,Emily,Carpenter,ecarpenterp9@1und1.de,Female
911,Andrea,Ray,araypa@bloglovin.com,Female
912,Howard,Burke,hburkepb@rambler.ru,Male
913,Patrick,Sullivan,psullivanpc@istockphoto.com,Male
914,Joe,Ramirez,jramirezpd@sakura.ne.jp,Male
915,Kimberly,Nelson,knelsonpe@time.com,Female
916,Russell,Russell,rrussellpf@cornell.edu,Male
917,Stephanie,Gomez,sgomezpg@shinystat.com,Female
918,Christine,Harvey,charveyph@apache.org,Female
919,Eric,Ruiz,eruizpi@yahoo.co.jp,Male
920,Gary,Burton,gburtonpj@usgs.gov,Male
921,Jessica,Frazier,jfrazierpk@reference.com,Female
922,Rachel,Gordon,rgordonpl@jimdo.com,Female
923,Edward,Patterson,epattersonpm@google.it,Male
924,Shirley,Knight,sknightpn@google.com.au,Female
925,Lori,Ross,lrosspo@infoseek.co.jp,Female
926,Laura,Taylor,ltaylorpp@mail.ru,Female
927,Sean,Webb,swebbpq@cocolog-nifty.com,Male
928,Ruby,Cooper,rcooperpr@csmonitor.com,Female
929,Bobby,Nguyen,bnguyenps@timesonline.co.uk,Male
930,Wayne,King,wkingpt@cnet.com,Male
931,Bobby,Johnson,bjohnsonpu@bigcartel.com,Male
932,Virginia,Lynch,vlynchpv@altervista.org,Female
933,Denise,Matthews,dmatthewspw@buzzfeed.com,Female
934,Teresa,Holmes,tholmespx@bravesites.com,Female
935,Jimmy,Harvey,jharveypy@redcross.org,Male
936,Brian,Austin,baustinpz@joomla.org,Male
937,Thomas,Gonzalez,tgonzalezq0@comcast.net,Male
938,Joyce,Phillips,jphillipsq1@msn.com,Female
939,William,Mitchell,wmitchellq2@mayoclinic.com,Male
940,Jeremy,Little,jlittleq3@netlog.com,Male
941,Marilyn,Warren,mwarrenq4@typepad.com,Female
942,Mary,Morrison,mmorrisonq5@sbwire.com,Female
943,Michael,Stone,mstoneq6@pinterest.com,Male
944,Anne,Fuller,afullerq7@istockphoto.com,Female
945,Paul,Thompson,pthompsonq8@guardian.co.uk,Male
946,Carol,Martin,cmartinq9@google.com.hk,Female
947,Russell,Gutierrez,rgutierrezqa@prweb.com,Male
948,Richard,Garcia,rgarciaqb@sitemeter.com,Male
949,Alan,Henry,ahenryqc@statcounter.com,Male
950,Brandon,Bailey,bbaileyqd@cisco.com,Male
951,Norma,Edwards,nedwardsqe@artisteer.com,Female
952,Brian,Tucker,btuckerqf@ezinearticles.com,Male
953,Robin,Ray,rrayqg@tumblr.com,Female
954,Harry,Fuller,hfullerqh@privacy.gov.au,Male
955,Pamela,Reed,preedqi@parallels.com,Female
956,Kenneth,Kennedy,kkennedyqj@arstechnica.com,Male
957,Earl,Richards,erichardsqk@nasa.gov,Male
958,Samuel,Simmons,ssimmonsql@statcounter.com,Male
959,Jesse,Morris,jmorrisqm@mlb.com,Male
960,Christine,Chavez,cchavezqn@geocities.com,Female
961,Anna,Peterson,apetersonqo@ucla.edu,Female
962,Russell,Kelley,rkelleyqp@opensource.org,Male
963,Rebecca,Rice,rriceqq@google.it,Female
964,Kathryn,Cooper,kcooperqr@is.gd,Female
965,Joe,Marshall,jmarshallqs@e-recht24.de,Male
966,Thomas,Carpenter,tcarpenterqt@google.fr,Male
967,Jerry,Collins,jcollinsqu@cocolog-nifty.com,Male
968,Harold,Larson,hlarsonqv@dropbox.com,Male
969,Karen,Hamilton,khamiltonqw@printfriendly.com,Female
970,Rebecca,Ramirez,rramirezqx@ovh.net,Female
971,Jason,Lawson,jlawsonqy@tripod.com,Male
972,Edward,Kelly,ekellyqz@howstuffworks.com,Male
973,Harry,Baker,hbakerr0@wordpress.org,Male
974,Douglas,Robinson,drobinsonr1@blogger.com,Male
975,Raymond,Bishop,rbishopr2@timesonline.co.uk,Male
976,Linda,Owens,lowensr3@usgs.gov,Female
977,Sharon,White,swhiter4@nbcnews.com,Female
978,Ruth,Walker,rwalkerr5@latimes.com,Female
979,Gloria,Rivera,griverar6@domainmarket.com,Female
980,Brandon,Bishop,bbishopr7@amazon.co.jp,Male
981,Gloria,Stone,gstoner8@squarespace.com,Female
982,Philip,Bennett,pbennettr9@cam.ac.uk,Male
983,Keith,Simmons,ksimmonsra@hhs.gov,Male
984,Peter,Lane,planerb@cbslocal.com,Male
985,Bonnie,Johnston,bjohnstonrc@berkeley.edu,Female
986,Nicholas,Ferguson,nfergusonrd@salon.com,Male
987,Emily,Cook,ecookre@unesco.org,Female
988,Jimmy,King,jkingrf@weather.com,Male
989,Harry,Gonzalez,hgonzalezrg@squidoo.com,Male
990,Lois,Fox,lfoxrh@about.me,Female
991,Ashley,Dixon,adixonri@trellian.com,Female
992,Kelly,Walker,kwalkerrj@rediff.com,Female
993,Billy,Howell,bhowellrk@nymag.com,Male
994,Willie,Coleman,wcolemanrl@gravatar.com,Male
995,Stephen,Washington,swashingtonrm@desdev.cn,Male
996,Wanda,Lewis,wlewisrn@tuttocitta.it,Female
997,Victor,Anderson,vandersonro@mac.com,Male
998,Joe,Wagner,jwagnerrp@freewebs.com,Male
999,William,Arnold,warnoldrq@rakuten.co.jp,Male
1000,Douglas,Young,dyoungrr@pinterest.com,Male
